<?xml version="1.0" encoding="UTF-8"?>
<project-private xmlns="http://www.netbeans.org/ns/project-private/1">
    <editor-bookmarks xmlns="http://www.netbeans.org/ns/editor-bookmarks/2" lastBookmarkId="0"/>
    <open-files xmlns="http://www.netbeans.org/ns/projectui-open-files/2">
        <group>
            <file>file:/D:/2%20year%202%20sem/Finished%20assign/PPA/PPAproj/src/ppaproj/Login.java</file>
            <file>file:/D:/2%20year%202%20sem/Finished%20assign/PPA/PPAproj/src/ppaproj/MailHandler.java</file>
            <file>file:/D:/2%20year%202%20sem/Finished%20assign/PPA/PPAproj/src/ppaproj/Purchase.java</file>
            <file>file:/D:/2%20year%202%20sem/Finished%20assign/PPA/PPAproj/src/ppaproj/login1%20(2).jpg</file>
            <file>file:/D:/2%20year%202%20sem/Finished%20assign/PPA/PPAproj/src/ppaproj/Main.java</file>
            <file>file:/D:/2%20year%202%20sem/Finished%20assign/PPA/PPAproj/src/ppaproj/Report.java</file>
            <file>file:/D:/2%20year%202%20sem/Finished%20assign/PPA/PPAproj/src/ppaproj/Sand.java</file>
            <file>file:/D:/2%20year%202%20sem/Finished%20assign/PPA/PPAproj/src/ppaproj/Admin.java</file>
            <file>file:/D:/2%20year%202%20sem/Finished%20assign/PPA/PPAproj/src/ppaproj/ReAdmin.java</file>
            <file>file:/D:/2%20year%202%20sem/Finished%20assign/PPA/PPAproj/src/ppaproj/Dil.java</file>
            <file>file:/D:/2%20year%202%20sem/Finished%20assign/PPA/PPAproj/src/ppaproj/Employee.java</file>
            <file>file:/D:/2%20year%202%20sem/Finished%20assign/PPA/PPAproj/src/ppaproj/myCalc.java</file>
            <file>file:/D:/2%20year%202%20sem/Finished%20assign/PPA/PPAproj/src/ppaproj/Supplier.java</file>
            <file>file:/D:/2%20year%202%20sem/Finished%20assign/PPA/PPAproj/src/dbconnect/dbconnect.java</file>
            <file>file:/D:/2%20year%202%20sem/Finished%20assign/PPA/PPAproj/src/ppaproj/Cservice.java</file>
            <file>file:/D:/2%20year%202%20sem/Finished%20assign/PPA/PPAproj/src/ppaproj/Details.java</file>
            <file>file:/D:/2%20year%202%20sem/Finished%20assign/PPA/PPAproj/src/ppaproj/Sales.java</file>
            <file>file:/D:/2%20year%202%20sem/Finished%20assign/PPA/PPAproj/src/ppaproj/PINK.java</file>
        </group>
    </open-files>
</project-private>
